{
  "linear_trend_Produksi_ton": {
    "model": "Linear Trend",
    "target": "Produksi_ton",
    "historical_years": [
      2018,
      2019,
      2020,
      2021,
      2022,
      2023,
      2024
    ],
    "historical_values": [
      59200533.72,
      54604033.34,
      54649202.24,
      54415294.22,
      54748975.85,
      53980993.19,
      53142726.65
    ],
    "historical_predictions": [
      57033079.30499983,
      56343089.02285719,
      55653098.74071431,
      54963108.458571434,
      54273118.17642856,
      53583127.89428568,
      52893137.6121428
    ],
    "future_years": [
      2025,
      2026,
      2027
    ],
    "future_predictions": [
      52203147.32999992,
      51513157.047857046,
      50823166.76571417
    ],
    "metrics": {
      "MAE": 940218.9777551517,
      "MSE": 1353873420022.6843,
      "R2": 0.5844744945582372,
      "RMSE": 1163560.6645219168
    },
    "trend_slope": -689990.2821428573,
    "intercept": 1449433468.669286
  },
  "poly_trend_Produksi_ton_deg2": {
    "model": "Polynomial Trend (degree 2)",
    "target": "Produksi_ton",
    "historical_years": [
      2018,
      2019,
      2020,
      2021,
      2022,
      2023,
      2024
    ],
    "historical_values": [
      59200533.72,
      54604033.34,
      54649202.24,
      54415294.22,
      54748975.85,
      53980993.19,
      53142726.65
    ],
    "historical_predictions": [
      57977162.08520508,
      56343089.0234375,
      55086649.07348633,
      54207842.23522949,
      53706668.5090332,
      53583127.89453125,
      53837220.392089844
    ],
    "future_years": [
      2025,
      2026,
      2027
    ],
    "future_predictions": [
      54468946.00134277,
      55478304.72241211,
      56865296.55541992
    ],
    "metrics": {
      "MAE": 820284.6450020915,
      "MSE": 926053118457.594,
      "R2": 0.7157794189455577,
      "RMSE": 962316.5375579877
    },
    "coefficients": [
      188816.55592526327,
      -763886509.3321108,
      772658760702.4929
    ]
  },
  "exp_smoothing_Produksi_ton": {
    "model": "Exponential Smoothing",
    "target": "Produksi_ton",
    "historical_years": [
      2018,
      2019,
      2020,
      2021,
      2022,
      2023,
      2024
    ],
    "historical_values": [
      59200533.72,
      54604033.34,
      54649202.24,
      54415294.22,
      54748975.85,
      53980993.19,
      53142726.65
    ],
    "historical_predictions": [
      59200533.72,
      57821583.60599999,
      56869869.19619999,
      56133496.703339994,
      55718140.447337985,
      55196996.27013658,
      54580715.3840956
    ],
    "future_years": [
      2025,
      2026,
      2027
    ],
    "future_predictions": [
      54580715.3840956,
      54580715.3840956,
      54580715.3840956
    ],
    "metrics": {
      "MAE": 1539939.4453014487,
      "MSE": 3245995189338.8096,
      "R2": 0.003751922621436754,
      "RMSE": 1801664.560715676,
      "Alpha": 0.3
    },
    "alpha": 0.3
  },
  "ensemble_Produksi_ton": {
    "model": "Ensemble (Weighted Average)",
    "target": "Produksi_ton",
    "historical_years": [
      2018,
      2019,
      2020,
      2021,
      2022,
      2023,
      2024
    ],
    "historical_values": [
      59200533.72,
      54604033.34,
      54649202.24,
      54415294.22,
      54748975.85,
      53980993.19,
      53142726.65
    ],
    "historical_predictions": [
      57557530.28992373,
      56347342.98977502,
      55345670.83359348,
      54551904.15449039,
      53966347.00182084,
      53587771.36234035,
      53416207.88222057
    ],
    "future_years": [
      2025,
      2026,
      2027
    ],
    "future_predictions": [
      53453703.472166575,
      53698484.951379545,
      54150552.31992651
    ],
    "metrics": {
      "MAE": 809817.6451420763,
      "MSE": 1012034698061.6764,
      "R2": 0.6893902906893365,
      "RMSE": 1005999.35291315
    },
    "weights": {
      "Linear": 0.44821463092141134,
      "Polynomial": 0.5489081406816779,
      "Exponential_Smoothing": 0.0028772283969106666
    },
    "component_model_names": [
      "Linear",
      "Polynomial",
      "Exponential_Smoothing",
      "Ensemble"
    ],
    "component_model_metrics": {
      "Linear": {
        "MAE": 940218.9777551517,
        "MSE": 1353873420022.6843,
        "R2": 0.5844744945582372,
        "RMSE": 1163560.6645219168
      },
      "Polynomial": {
        "MAE": 820284.6450020915,
        "MSE": 926053118457.594,
        "R2": 0.7157794189455577,
        "RMSE": 962316.5375579877
      },
      "Exponential_Smoothing": {
        "MAE": 1539939.4453014487,
        "MSE": 3245995189338.8096,
        "R2": 0.003751922621436754,
        "RMSE": 1801664.560715676,
        "Alpha": 0.3
      },
      "Ensemble": {
        "MAE": 809817.6451420763,
        "MSE": 1012034698061.6764,
        "R2": 0.6893902906893365,
        "RMSE": 1005999.35291315
      }
    }
  }
}