{
  "linear_trend_Produksi_ton": {
    "MAE": 940218.9777551517,
    "MSE": 1353873420022.6843,
    "R2": 0.5844744945582372,
    "RMSE": 1163560.6645219168
  },
  "poly_trend_Produksi_ton_deg2": {
    "MAE": 820284.6450020915,
    "MSE": 926053118457.594,
    "R2": 0.7157794189455577,
    "RMSE": 962316.5375579877
  },
  "exp_smoothing_Produksi_ton": {
    "MAE": 1539939.4453014487,
    "MSE": 3245995189338.8096,
    "R2": 0.003751922621436754,
    "RMSE": 1801664.560715676,
    "Alpha": 0.3
  }
}